1st,1st ti,2nd,2nd,2nd ti,3rd,3rd,3rd ti,4th,4th,4th ti,5th,5th,5th ti,6th,6th,6th hp,6th ti,7th,7th,8th,8th,8th ti,9th,9th,9th ti,10th,10th,10th ti,11th,11th,11th ti,12th,12th,12th ti,13th,13th ti,14th,14th,14th ti,15th,15th,16th,16th,17th,17th,18th,18th,19th,19th,20th,20th,21st,21st,22nd,22nd,23rd,23rd,24th,24th,25th,25th,26th,26th,27th,27th,28th,28th,29th,29th,30th,30th,31st,31st,32nd,33rd,34th,35th,36th,37th,38th,39th,40th,41st,42nd,43rd,44th,45th,46th,47th,48th,abbey,acacia,acacia,acadia,acevedo,acme,acorn,acton,ada,adair,adam,addison,adele,admiral,adolph sutro,aerial,agnon,agua,ahern,alabama,aladdin,alameda,alana,albatross,alberta,albion,alder,alemany,alemany blvd off,alert,alhambra,alice b toklas,allen,allison,allston,alma,almaden,aloha,alpha,alpine,alta,alta mar,alta vista,alton,alvarado,alviso,alvord,amador,amatista,amatury,amazon,amber,ambrose bierce,ames,amethyst,amherst,amity,anderson,andover,andrew,angelos,anglo,ankeny,annapolis,annie,anson,anthony,antonio,anza,anza,anzavista,apollo,apparel,appleton,appleton,aptos,aquavista,arago,arballo,arbol,arbor,arch,arco,ardath,ardenwood,arelious walker,arellano,argent,argonaut,arguello,arkansas,arleta,arlington,armistead,armory,armstrong,arnold,arroyo,arthur,ash,ashburton,ashbury,ashbury,ashton,ashwood,aspen,atalaya,athens,atoll,attridge,auburn,august,augusta,austin,auto,automobile,avalon,avenue b,avenue c,avenue d,avenue e,avenue f,avenue h,avenue i,avenue m,avenue n,avenue of the palms,avery,avila,avoca,avocet,avon,aztec,bache,bacon,baden,badger,baker,baker,balance,balboa,balceta,baldwin,balhi,balmy,baltimore,banbury,bancroft,bank,banks,bannan,banneker,bannock,barcelona,barnard,barneveld,barry,bartlett,bartol,bass,battery,battery blaney,battery caulfield,battery chamberlin,battery cranston,battery crosby,battery dynamite,battery east,battery safford,battery wagner,baxter,bay,bay shore,bay shore blvd off,bay shore blvd on,bay view,bayside,bayside village,bayview,bayview park,baywood,beach,beachmont,beacon,beale,beatrice,beaumont,beaver,beckett,bedford,beeman,behr,beideman,belcher,belden,belgrave,bell,bella vista,bellair,belle,belles,bellevue,belmont,belvedere,bemis,bengal,bennington,benton,bepler,bercut access,bergen,berkeley,berkshire,bernal heights,bernard,bernice,bernice rodgers,berry,berry extension,bertha,bertie minor,bertita,berwick,bessie,beulah,beverly,bigelow,bigler,birch,birchwood,bird,birmingham,bishop,bitting,black,blackstone,blair,blairwood,blake,blanche,blandy,blanken,blatchford,bliss,bliss,bluxome,blythdale,boalt,boardman,bob kaufman,bocana,bonifacio,bonita,bonnie brae,bonview,borica,bosworth,boutwell,bowdoin,bowley,bowley,bowling green,bowman,boyd,boylston,boynton,bradford,brady,brannan,brant,brazil,breen,brentwood,bret harte,brewster,brice,bridgeview,bridgeview,bright,brighton,britton,broad,broadmoor,broadway,broderick,bromley,brompton,bronte,brook,brookdale,brookhaven,brooklyn,brooks,brosnan,brotherhood,brown,bruce,brumiss,brunswick,brush,brush,brussels,bryant,bucareli,buchanan,buckingham,buena vista,burgoyne,burke,burlwood,burnett,burns,burnside,burr,burritt,burrows,burrows,bush,butte,byron,byxbee,c,cabrillo,cadell,caine,caire,caledonia,calgary,calhoun,california,california,calvert,cambon,cambridge,camellia,cameo,cameron,camp,campbell,campton,campus,campus,canby,canby,candlestick cove,candlestick point sra,canyon,capistrano,capitol,capp,capra,card,cardenas,cargo,carl,carmel,carmelita,carnelian,carolina,carpenter,carr,carrie,carrizal,carroll,carson,carter,carver,casa,cascade,case,caselli,cashmere,casitas,cassandra,castelo,castenada,castillo,castle,castle manor,castro,catalina,catherine,cayuga,ccsf parking lot,cecilia,cedar,cedro,central,central magazine,century,ceres,cerritos,cervantes,cesar chavez,cesar chavez on,chabot,chain of lakes,chancery,channel,channel,chapman,charles,charles j brenham,charlton,charter oak,chase,chatham,chattanooga,chaves,chenery,cherry,chesley,chester,chestnut,chicago,child,chilton,china basin,chinook,christmas tree point,christopher,chula,chumasero,church,church access,church parking lot,cielito,circular,cityview,clairview,clara,claremont,clarence,clarendon,clarion,clarke,clarke,clarkson,claude,clay,clayton,clearfield,clearview,cleary,clement,clementina,cleo rand,cleveland,clifford,clinton,clipper,clipper,clipper cove,cloud,clover,clover,clyde,cochrane,codman,cohen,colby,cole,coleman,coleridge,colin,colin p kelly jr,colleen,college,college,collingwood,collins,colon,colonial,colton,columbia square,columbus,colusa,comerford,commer,commercial,commonwealth,compton,concord,concourse,congdon,congo,conkling,connecticut,conrad,conservatory access,constanso,continuum,converse,cook,cooper,copper,cora,coral,coral,coralino,corbett,corbin,cordelia,cordova,cornwall,corona,coronado,cortes,cortland,corwin,cosgrove,cosmo,coso,costa,cottage,cotter,country club,coventry,coventry,cowell,cowles,cragmont,crags,craig,crane,cranleigh,craut,crescent,crescent,crescent,crescio,crespi,cresta vista,crestlake,crestline,crestmont,crestwell,crisp,crissy field,croaker,crook,cross,crossover,crown,crown,crystal,cuba,cuesta,culebra,cumberland,cunningham,curtis,cushman,custer,custom house,cutler,cuvier,cypress,cyril magnin,cyrus,d,daggett,dakota,dalewood,daniel burnham,danton,danvers,darien,darrell,dartmouth,dashiell hammett,davenport,davidson,davis,davis,dawnview,dawson,day,de boom,de forest,de haro,de long,de montfort,de soto,de wolf,dearborn,decatur,decker,dedman,deems,dehon,del monte,del sur,del vale,delancey,delano,delaware,delgado,dellbrook,delmar,delta,deming,denslowe,derby,desmond,detroit,devonshire,dewey,dewitt,diamond,diamond cove,diamond heights,diana,diaz,dicha,dichiera,dickinson,digby,dirk dirksen,divisadero,division,dixie,dock,dodge,dolores,dolores,dolphin,don chee,donahue,donner,dorado,dorantes,dorcas,dorchester,dore,doric,dorland,dorman,dormitory,double rock,douglass,dove,dow,downey,dr carlton b goodlett,drake,drumm,drummond,dublin,duboce,dudley,dukes,duncan,duncombe,dunnes,dunshee,dunsmuir,dutch windmill access,dwight,e,eagle,earl,easement,east,east beach,east crystal cove,east fort miley,eastman,eastwood,eaton,ecker,eddy,edgar,edgardo,edgehill,edgewood,edie,edinburgh,edith,edna,edward,egbert,el camino del mar,el dorado,el mirasol,el plazuela,el polin,el sereno,el verano,eldridge,elgin,elim,elizabeth,elk,ellert,ellington,elliot,ellis,ellsworth,elm,elmhurst,elmira,elmwood,elsie,elwood,emerald,emerald cove,emerson,emery,emil,emma,emmett,encanto,encinal,encline,english,enterprise,entrada,erie,erkson,ervine,escolta,escondido,esmeralda,espanola,esquina,essex,estero,eucalyptus,euclid,eugenia,eureka,evans,eve,evelyn,everglade,everson,ewer,ewing,excelsior,exchange,executive park,exeter,exposition,fair,fair oaks,fairbanks,fairfax,fairfield,fairmount,faith,fallon,falmouth,fanning,farallones,fargo,farnsworth,farnum,farragut,farview,fauntleroy,faxon,federal,felix,fell,fell access,fella,felton,fenton,fern,fernandez,fernwood,fielding,fifth,filbert,fillmore,finley,fisher,fisher,fisher,fitch,fitzgerald,flint,flood,flora,florence,florentine,florida,flounder,flournoy,flower,foerster,folsom,font,fontinella,foote,ford,forest,forest hill,forest knolls,forest side,forest view,forsyth,fort funston,fort mason 10,fort mason 12,fort mason 13,fort mason 15,fort mason 16,fort mason 17,fort mason 18,fort mason 19,fort mason 20,fort mason 21,fort mason 8,fort mason 9,fort miley 3,fort miley 5,fort miley 6,fort miley 7,fortuna,fountain,fowler,france,francis,francisco,franconia,frank norris,franklin,fratessa,fredela,frederick,fredson,freelon,freeman,fremont,french,fresnel,fresno,friedell,friendship,front,fuente,fulton,funston,funston,gabilan,gaiser,galewood,galilee,galindo,gallagher,galvez,gambier,garces,garcia,garden,garden,gardener,gardenside,garfield,garlington,garnett,garrison,gates,gateview,gateview,gateview 1,gateview 2,gateview 3,gatun,gaven,gaviota,geary,geary,gellert,gene friend,genebern,general kennedy,geneva,gennessee,genoa,george,georgia,gerke,germania,getz,ggp access road,giants,gibb,gibbon,gibbon,gibson,gilbert,gillette,gilman,gilroy,girard,girard,gladeview,gladiolus,gladstone,gladys,glen,glenbrook,glendale,glenhaven,glenview,globe,gloria,glover,godeus,goethe,goettingen,gold,gold mine,goldberg,golden,golden gate,golding,goleta,golf course access,gonzalez,gordon,gorgas,gorham,gough,gould,grace,grafton,graham,granada,grand view,grand view,grant,granville,grattan,graystone,great,greely,green,greenough,greenview,greenwich,greenwich,greenwood,grenard,griffith,grijalva,grote,grove,guerrero,guttenberg,guy,h,habitat,hagiwara tea garden,hahn,haight,hale,halibut,hallam,halleck,halyburton,hamerton,hamilton,hamlin,hampshire,hancock,hangah,hanover,harbor,hardie,hardie,harding,hare,harkness,harlan,harlem,harlow,harney,harold,harper,harriet,harriet,harrington,harris,harrison,harrison,harry,hartford,harvard,hastings,hattie,havelock,havens,havenside,hawes,hawkins,hawthorne,hayes,hays,hayward,hazelwood,head,healy,hearst,heather,helen,helena,hemlock,hemway,henry,henry adams,heritage,hermann,hernandez,heron,hester,heyman,hickory,hicks,hidalgo,high,highland,higuera,hiliritas,hill,hill,hill point,hillcrest,hillcrest,hillside,hillview,hillway,hilton,himmelmann,hitchcock,hitchcock,hobart,hodges,hoff,hoffman,hoffman,holladay,holland,hollis,hollister,holloway,holly park,hollywood,holyoke,homer,homestead,homewood,hooker,hooper,hopkins,horace,horne,hotaling,houston,howard,howard,howard,howth,hubbell,hudson,hugo,hulbert,humboldt,hunt,hunter,hunter,hunters point,hunters point,huntington,huron,hussey,hutchins,hwy 1 northbound,hwy 1 southbound,hwy 1 to hwy 101 northbound,hwy 1 to hwy 101 southbound,hwy 101 n off,hwy 101 n on,hwy 101 northbound,hwy 101 northbound,hwy 101 s off,hwy 101 s on,hwy 101 southbound,hwy 101 southbound,hwy 101 to hwy 1,hwy 101 to i-280,hwy 101 to i-80,hyde,i,i-280 n off,i-280 n on,i-280 northbound,i-280 s off,i-280 s on,i-280 southbound,i-280 to hwy 101,i-80 e off,i-80 e on,i-80 eastbound,i-80 to hwy 101,i-80 w off,i-80 w on,i-80 westbound,icehouse,idora,ignacio,illinois,ils,imperial,ina,inca,incinerator,india,indiana,industrial,industrial st off,industrial st on,infantry,ingalls,ingerson,ingleside,innes,innes,inverness,iowa,iris,iron,ironwood,irving,irwin,isadora duncan,isis,islais,isola,issleib,italy,ivy,j,jack balestreri,jack kerouac,jack london,jack micheline,jackson,jade,jakey,james,jamestown,jansen,jarboe,jason,jasper,jauss,java,jean,jefferson,jennifer,jennings,jennings,jerome,jerrold,jersey,jessie,jessie east,jessie west,jewett,john,john f kennedy,john f shelley,john maher,john muir,johnstone,joice,jones,joost,jordan,jose sarria,josepha,josiah,joy,juan bautista,juanita,judah,judson,jules,julia,julian,julius,junior,juniper,junipero serra,junipero serra blvd off,junipero serra blvd on,juri,justin,kalmanovitz,kamille,kansas,kaplan,karen,kate,kearny,kearny,keith,kelloch,kempton,kendall,kennedy,kenneth rexroth,kenny,kensington,kent,kenwood,keppler,kern,key,keyes,keyes,keystone,kezar,kimball,king,kingston,kinzey,kirkham,kirkwood,kiska,kissling,kittredge,knockash,knollview,knott,kobbe,kohler,koret,kramer,krausgrill,kronquist,la avanzada,la bica,la ferrera,la grande,la playa,la salle,lafayette,laguna,laguna honda,lagunitas,laidley,lake,lake forest,lake merced,lake merced hill,lakeshore,lakeshore,lakeview,lakewood,lamartine,lamson,lancaster,landers,lane,langdon,langton,lansdale,lansing,lapham,lapidge,lapu-lapu,larch,larkin,las villas,laskie,lassen,lathrop,latona,laura,laurel,lauren,laussat,lawrence,lawton,le conte,le conte,leavenworth,ledyard,lee,leese,legion,legion of honor,leidesdorff,leland,lendrum,lenox,leo,leona,leroy,lessing,lester,letterman,letterman hospital access,lettuce,levant,lexington,liberty,lick,liebig,liggett,lilac,lillian,lily,linares,lincoln,lincoln,lincoln,linda,linda vista,linden,lindsay,lippard,lisbon,littlefield,livingston,lloyd,lobos,locksley,lockwood,locust,loehr,lois,loma vista,lombard,lomita,london,lone mountain,long,long bridge,longview,loomis,lopez,loraine,lori,los palmos,lottie bennett,louisburg,louisiana,lowell,lower,lower fort mason,loyola,lucerne,lucky,lucy,ludlow,lulu,lunado,lunado,lundeen,lundys,lupine,lurline,lurmont,lusk,lydia,lyell,lynch,lyndhurst,lyon,lysette,mabel,mabini,mabrey,macalla,macalla,macarthur,macedonia,macondray,maddux,madera,madison,madrid,madrone,magellan,magnolia,mahan,maiden,main,main,majestic,malden,mallorca,malta,malvina,manchester,mandalay,mangels,manor,manseau,mansell,mansfield,manzanita,maple,marcela,marcy,marengo,margaret,margrave,marietta,marin,marina,marina green,marine,mariner,marion,mariposa,marist,mark,mark twain,market,marlin,marne,mars,marshall,marsily,marston,martha,martin luther king jr,martinez,marvel,marview,mary,mary teresa,maryland,mason,mason,masonic,massachusetts,massasoit,mateo,matthew,mauldin,maxwell,mayfair,mayflower,maynard,maywood,mcallister,mccann,mccarthy,mccoppin,mccormick,mcdonald,mcdowell,mckinley,mckinnon,mclaren,mclaren lodge access,mclea,mcnair,mcrae,mcrae,meacham,meade,meadowbrook,meda,medau,medical center,megan,melba,melra,melrose,mendell,mendosa,menoher,mercato,merced,mercedes,merchant,merchant,mercury,merlin,merriam,merrie,merrill,merrimac,merritt,mersey,mesa,mesa,metson,michigan,midcrest,middle point,middle west,middlefield,midway,miguel,milan,miles,miles,miley,mill,miller,miller,millwright cottage access,milton,milton i ross,minerva,minna,minnesota,mint,mint,mirabel,miraloma,miramar,mirando,mission,mission bay,mission bay,mission rock,mississippi,missouri,mistral,mizpah,modoc,moffitt,mojave,molimo,moncada,moneta,moneta,mono,montague,montalvo,montana,montcalm,park,montclair,monte vista,montecito,monterey,montezuma,montgomery,monticello,monument,moore,moore,moraga,moraga,moreland,morgan,morningside,morrell,morrell,morris,morse,morton,moscow,moss,moulton,moultrie,mount,mount vernon,mountain spring,mountview,muir,muir,mulford,mullen,munich,murray,murray,museum,music concourse,music concourse access,myra,myrtle,nadell,naglee,nahua,nancy pelosi,nantucket,napier,naples,napoleon,natick,natoma,nauman,nautilus,navajo,navy,naylor,nebraska,nellie,nelson,nelson rising,neptune,nevada,new montgomery,newburg,newcomb,newell,newhall,newman,newton,ney,niagara,niantic,nibbi,nichols,nido,nimitz,nimitz,nimitz,nob hill,nobles,noe,nordhoff,norfolk,noriega,normandie,north,north 15th,north gate,north hughes,north point,north van horn,north view,northgate,northpoint,northridge,northwood,norton,norwich,nottingham,nueva,oak,oak access,oak grove,oak park,oakdale,oakhurst,oakwood,ocean,oceanview,octavia,ofarrell,ogden,ohlone,old chinatown,old mason,olive,oliver,olmstead,olney,oloran,olympia,olympic country club,omar,oneida,onique,onondaga,opal,opalo,ophir,ora,orange,orben,ord,ord,ordway,oreilly,oriole,orizaba,orsi,ortega,ortega,osage,oscar,osceola,osgood,oshaughnessy,otega,otis,otsego,ottawa,otter cove,overlook,owen,owens,oxford,ozbourn,pacheco,pacific,page,pagoda,palm,palmetto,palo alto,paloma,palos,palou,panama,panorama,paradise,paraiso,paramount,paris,park,park hill,park presidio,park presidio bypass,parker,parkhurst,parkridge,parnassus,parque,parsons,pasadena,patten,patterson,patton,patton,paul,paulding,payson,peabody,pearl,peek,pelican cove,pelton,pemberton,pena,peninsula,pennington,pennsylvania,penny,peralta,perasto,perego,perimeter,perine,perry,pershing,persia,peru,peter yorke,peters,petrarch,pfeiffer,phelan,phelps,phoenix,pico,piedmont,pierce,pierpoint,pilgrim,pinar,pine,pinehurst,pink,pino,pinto,pioche,piper,pixley,pizarro,plaza,pleasant,plum,plymouth,point lobos,polaris,polk,pollard,pollock,pomona,pond,pontiac,pope,pope,pope,poplar,poppy,portal,portal,porter,portola,portola,post,potomac,potrero,powell,powers,powhattan,prado,prague,pratt,precita,prentiss,prescott,presidio,presidio,presidio,pretor,priest,princeton,progress,prospect,prosper,public,pueblo,pulaski,putnam,quane,quarry,quartz,quebec,quesada,quickstep,quincy,quint,quintara,r,raccoon,racine,radio,rae,raleigh,ralston,ralston,ramona,ramsel,ramsell,randall,randolph,rankin,rausch,ravenwood,rawles,rayburn,raycliff,raymond,reardon,rebecca,recycle,recycling center access,red leaf,red rock,reddy,redfield,redondo,redwood,reed,reeves,regent,reno,reposa,reservoir,restani,restani,retiro,reuel,revere,rex,rey,rhine,rhode island,rice,richard henry dana,richards,richardson,richland,richter,rickard,rico,ridge,ridge,ridgewood,riley,rincon,ringold,rio,rio verde,ripley,ritch,rivas,rivera,riverton,rivoli,rizal,roach,roanoke,robblee,robert c levy,robert kirk,robinhood,robinson,robinson,rock,rockaway,rockdale,rockland,rockridge,rockwood,rod,rodgers,rodriguez,roemer,rolph,romain,rome,romolo,rondel,roosevelt,rosa parks,roscoe,rose,rosella,roselyn,rosemary,rosemont,rosenkranz,rosewood,rosie lee,ross,rossi,rossmoor,rotteck,rousseau,royal,ruckman,rudden,ruger,russ,russell,russia,russian hill,ruth,rutland,rutledge,sabin,sacramento,saddleback,sadowa,safira,sagamore,saint charles,saint croix,saint elmo,saint francis,saint francis,saint george,saint germain,saint josephs,saint louis,saint marys,sal,sala,salinas,salmon,samoset,sampson,san aleso,san andreas,san anselmo,san antonio,san benito,san bruno,san bruno av off,san bruno av on,san buenaventura,san carlos,san diego,san felipe,san fernando,san gabriel,san jacinto,san jose,san jose av off,san jose av on,san juan,san leandro,san lorenzo,san luis,san marcos,san miguel,san pablo,san rafael,san ramon,sanches,sanchez,sandpiper cove,sansome,santa ana,santa barbara,santa clara,santa cruz,santa fe,santa marina,santa monica,santa paula,santa rita,santa rosa,santa ynez,santa ysabel,santiago,santos,sargent,saroyan,saturn,saul,sawyer,scenic,schofield,schofield,school,schwerin,science,scotia,scotland,scott,scott,sea view,seacliff,seal cove,seal rock,sears,seawell,second,security pacific,selby,selma,seminole,seneca,sequoia,sergeant john v young,serrano,service,severn,seville,seward,seymour,sfgh access,shafter,shafter,shafter,shakespeare,shannon,sharon,sharp,shaw,shawnee,sheldon,shephard,sheridan,sheridan,sherman,sherman,sherwood,shields,ship,shipley,shore view,short,shotwell,shoup,shrader,sibert,sibert,sibley,sickles,sierra,signal,silliman,silver,silverview,simonds,sixth,skyline,skyview,sloan,sloat,smith,sola,somerset,sonoma,sonora,sotelo,soule,south,south,south gate,south hill,south hughes,south park,south van horn,south van ness,southard,southern heights,southwood,sparrow,sparta,spear,spear,spencer,spofford,spreckels lake,spring,springfield,sproule,spruce,standish,stanford,stanford heights,stanley,stanton,stanyan,stanyan,staples,stark,starr king,starview,state,states,steiner,sterling,stern grove,sternberg,steuart,steuben,steveloe,stevenson,still,stillings,stillman,stilwell,stockton,stockton,stone,stonecrest,stoneman,stoneridge,stoneybrook,stoneyford,storey,storrie,stow lake,stratford,striped bass,sturgeon,summit,summit,sumner,sumner,sunbeam,sunglow,sunnydale,sunnyside,sunrise,sunset,sunset blvd off,sunset blvd on,sunview,surrey,sussex,sutro heights,sutter,sweeny,swiss,sycamore,sydney,sylvan,taber,tacoma,talbert,talbert,tamalpais,tampa,tandang sora,tapia,tara,taraval,taylor,taylor,teddy,tehama,telegraph,telegraph hill,temescal,temple,tennessee,tenny,teresita,terra vista,terrace,terrace,terry a francois,tevis,texas,the embarcadero,theresa,thomas,thomas,thomas mellon,thomas mellon,thomas more,thor,thornburg,thorne,thornton,thorp,thrift,tiffany,tillman,timothy pflueger,tingley,tioga,tocoloma,todd,toland,toledo,toll plaza tunnel,tomaso,tompkins,tonquin,topaz,topeka,torney,torrens,touchard,towerside,townsend,toyon,trader vic,trainor,transbay hump,transbay loop,transverse,treasure island,treasury,treat,treat,treat,trenton,trinity,troy,truby,truett,trumbull,tubbs,tucker,tulane,tulare,tulip,tunnel,turk,turk,turk murphy,turner,turquoise,tuscany,twin peaks,ulloa,underwood,union,united nations,university,unnamed 009,unnamed 010,unnamed 011,unnamed 012,unnamed 014,unnamed 017,unnamed 018,unnamed 021,unnamed 024,unnamed 025,unnamed 026,unnamed 027,unnamed 030,unnamed 031,unnamed 032,unnamed 033,unnamed 034,unnamed 035,unnamed 036,unnamed 037,unnamed 038,unnamed 039,unnamed 040,unnamed 041,unnamed 042,unnamed 043,unnamed 044,unnamed 051,unnamed 052,unnamed 053,unnamed 064,unnamed 065,unnamed 068,unnamed 069,unnamed 070,unnamed 071,unnamed 075,unnamed 077,unnamed 078,unnamed 080,unnamed 083,unnamed 084,unnamed 087,unnamed 088,unnamed 090,unnamed 095,unnamed 096,unnamed 097,unnamed 098,unnamed 099,unnamed 100,unnamed 101,unnamed 105,unnamed 106,unnamed 107,unnamed 108,unnamed 112,unnamed 113,unnamed 115,unnamed 117,unnamed 119,unnamed 120,unnamed 124,unnamed 128,unnamed 129,unnamed 139,unnamed 142,unnamed 144,unnamed 145,unnamed 146,unnamed 148,unnamed 150,unnamed 151,unnamed 152,unnamed 153,unnamed 161,unnamed 163,unnamed 165,unnamed 185,unnamed 186,unnamed 187,unnamed 188,unnamed 2,upland,upper,upper service,upton,upton,uranus,urbano,utah,valdez,vale,valencia,valerton,vallejo,valletta,valley,valmar,valparaiso,van buren,van dyke,van keuren,van ness,vandewater,vara,varela,varennes,varney,vasquez,vassar,vega,velasco,venard,ventura,venus,ver mehr,verdi,verdun,vermont,verna,vernon,vesta,veterans,via bufano,via ferlinghetti,vicente,vicksburg,victoria,vidal,vienna,villa,vine,vinton,virgil,virginia,visitacion,vista,vista,vista verde,vista view,von schmidt,vulcan,wabash,wagner,waithman,walbridge,waldo,walker,walkway,wall,wallace,wallen,waller,walnut,walter,walter u lum,waltham,wanda,ward,ware,warner,warren,washburn,washington,washington,watchman,water,waterloo,waterville,watt,wattson,waverly,wawona,wayland,wayne,webb,webster,wedemeyer,weldon,welsh,wentworth,west,west broadway,west clay,west crystal cove,west halleck,west pacific,west point,west portal,west view,westbrook,western shore,westgate,westmoorland,weston,westside,westwood,wetmore,wheat,wheeler,whipple,white,whitecliff,whitfield,whiting,whiting,whitney,whitney young,whittier,wiese,wilde,wilder,wildwood,willard,williams,williar,willie b kennedy,willow,wills,wilmot,wilson,winding,windsor,winfield,winn,winston,winter,winthrop,wisconsin,wisser,wood,woodacre,woodhaven,woodland,woodside,woodward,wool,wool,woolsey,worcester,worden,worth,wright,wright,wright,wyman,wyton,yacht,yale,yellow cab access road,yerba buena,yerba buena,yerba buena,yerba buena,yorba,york,yosemite,young,young,yukon,zampa,zanowitz,zeno,zircon,zoe,zoo,dr tom waddell,al scoma,unnamed 190,unnamed 191,unnamed 193,unnamed 192,palace,martin,mission bay,buena vista,conservatory,burnett,lake merced hill,buena vista,willard,first,lake merced hill,mission bay,25th,conservatory,first,zanowitz,DUMYSTREETFAKE
